_id	objectid	fid_blockg	statefp10	countyfp10	tractce10	blkgrpce10	geoid10	namelsad10	mtfcc10	funcstat10	aland10	awater10	intptlat10	intptlon10	shape_leng	fid_neighb	pghdb_sde_neighborhood_2010_area	perimeter	neighbor	neighbor_i	hood	hood_no	acres	sqmiles	dpwdiv	unique_id	sectors	shape_le_1	shape_ar_1	page_number	plannerassign	globalid	created_user	created_date	last_edited_user	last_edited_date	temp	shape_area	shape_length
11353	1	233	42	003	140500	3	4.20031E+11	Block Group 3	G5030	S	172851	0	40.4523867	-079.9073195	6787.52765	71	7968760	136797.9793	48	2130	Point Breeze North	64	193.2292392	0.30192069	2	113	11	13891.87335	7968760.149	15	Adriana Bowman	a642a6b6-a2a9-48d5-acf2-3e2ce87d4bc0	SDE	2020-08-14T12:57:28	SDE	2020-08-14T13:02:13		8417066.645	14181.72858
11354	2	203	42	003	140100	3	4.20031E+11	Block Group 3	G5030	S	291302	0	40.4427301	-079.9435821	8071.734942	66	34078712	136797.9793	55	2137	Squirrel Hill North	76	782.9815471	1.22340867	3	57	10	30343.65108	34078713.19	15	Christian Umbach	20d4605b-258e-441a-a57e-a28fdabb6d30	SDE	2020-08-14T12:57:28	SDE	2020-08-14T13:02:41		34108372.95	30326.81942
11355	3	86	42	003	101700	2	4.20031E+11	Block Group 2	G5030	S	217979	0	40.4672423	-079.9433700	6586.683658	39	12751163	136797.9793	18	2100	Garfield	35	292.7261254	0.45738457	2	113	12	14574.32669	12751163.31	15	Vacant, contact Ose Akinlotan (Planning Manager)	bf4065e7-c29c-48bd-b529-e7fd99077238	SDE	2020-08-14T12:57:28	SDE	2020-08-14T12:59:55		12751150.03	14577.42633
11356	4	214	42	003	050900	1	4.20031E+11	Block Group 1	G5030	S	462660	4114	40.4512373	-079.9745804	14216.9644	68	4997335.5	136797.9793	47	2129	Bedford Dwellings	7	112.4315515	0.1756743	3	81	15	14192.73823	4997335.35	15	Ose Akinlotan	fed3fb32-0cd3-4556-aa41-17ee03b4fe41	SDE	2020-08-14T12:57:28	SDE	2020-08-14T12:58:41		4897518.681	13941.51436
11357	5	173	42	003	300100	5	4.20033E+11	Block Group 5	G5030	S	121963	0	40.4109357	-079.9931744	5583.468613	59	8411048	198927.4161	85	2167	Knoxville	44	191.7597773	0.29962465	4	81	6	12000.76183	8411048.342	15	Thomas Scharff	8669d2f0-b886-4519-99d0-bb1015b592b0	SDE	2020-08-14T12:57:28	SDE	2020-08-14T13:00:19		8353046.224	12021.86052
11358	6	286	42	003	130400	3	4.20031E+11	Block Group 3	G5030	S	115917	0	40.4496890	-079.8859784	6090.014007	75	11104194	136797.9793	45	2127	Homewood South	42	247.7748124	0.38714814	2	24	11	16565.7535	11104193.78	15	Adriana Bowman	fa665cfe-97d0-4827-a202-3bca7d917a22	SDE	2020-08-14T12:57:28	SDE	2020-08-14T13:00:15		10793073.49	16346.119
11359	7	348	42	003	050100	3	4.20031E+11	Block Group 3	G5030	S	308316	0	40.4459724	-079.9776953	7994.231364	84	8503223	136797.9793	53	2135	Middle Hill	51	195.2899861	0.3051406	3	25	15	14505.09158	8503222.962	15	Ose Akinlotan	ab7c6002-5eb8-40fb-871f-51c8acf71402	SDE	2020-08-14T12:57:28	SDE	2020-08-14T13:00:38		8506822.427	14507.76427
11360	8	313	42	003	562800	2	4.20036E+11	Block Group 2	G5030	S	653726	0	40.4269246	-080.0658036	15834.27699	79	7024962	198927.4161	71	2153	Oakwood	59	161.5249773	0.25238278	5	113	4	15925.73611	7024961.878	15	Nancy Hirsch	253b724f-3c9d-4439-bf93-d912897f468c	SDE	2020-08-14T12:57:28	SDE	2020-08-14T13:00:57		7036027.749	15843.10272
11361	9	1	42	003	040400	1	4.2003E+11	Block Group 1	G5030	S	75472	0	40.4458408	-079.9483932	3813.620989	2	13904629	136797.9793	41	2123	North Oakland	56	318.0812834	0.49700201	3	25	14	20941.38603	13904629.06	15	Christian Umbach	773a7ef1-47aa-4f7d-9947-486b11bf5c0c	SDE	2020-08-14T12:57:28	SDE	2020-08-14T13:00:50		13855524.58	20908.56389
11362	10	77	42	003	191100	2	4.20032E+11	Block Group 2	G5030	S	884630	0	40.4386014	-080.0260996	13787.42504	36	17364276	198927.4161	61	2143	Duquesne Heights	25	396.5155792	0.61955559	5	57	6	19320.40705	17364275.06	15	Nancy Hirsch	0edad5c4-6965-4f7d-9055-a976593c7c25	SDE	2020-08-14T12:57:28	SDE	2020-08-14T12:59:27		17272218.17	18827.63212
11363	11	96	42	003	562300	2	4.20036E+11	Block Group 2	G5030	S	1197940	275741	40.4050484	-079.9308344	18931.49395	91	12713036	136797.9793	90	2172	Glen Hazel	36	292.7763678	0.45746307	3	6	9	18931.70238	12713035.86	15	Austin Herzog	ed73b2d5-7175-417f-9750-1dccb6473843	SDE	2020-08-14T12:57:28	SDE	2020-08-14T12:59:58		12753337.71	18602.71832
11364	12	321	42	003	111500	4	4.20031E+11	Block Group 4	G5030	S	273819	0	40.4612717	-079.9187769	7027.658693	80	16201454	136797.9793	17	2099	East Liberty	29	372.0825429	0.58137897	2	25	12	22746.87684	16201453.71	15	Vacant, contact Ose Akinlotan (Planning Manager)	9ccdd4df-8786-48a4-8af3-8f62413abdf9	SDE	2020-08-14T12:57:28	SDE	2020-08-14T12:59:38		16207926.31	22622.19509
11365	13	13	42	003	563100	2	4.20036E+11	Block Group 2	G5030	S	880129	0	40.4320100	-080.0530374	14820.14919	12	19295586	198927.4161	66	2148	Westwood	89	441.8837997	0.69044344	5	6	4	20939.3851	19295586.86	15	Nancy Hirsch	fe33ba7b-19fb-4d21-8600-5b4c71dbe539	SDE	2020-08-14T12:57:28	SDE	2020-08-14T13:03:12		19248456.64	20974.26262
11366	14	104	42	003	101400	4	4.20031E+11	Block Group 4	G5030	S	149377	0	40.4799173	-079.9300799	6038.178371	44	10650824	136797.9793	6	2088	Morningside	52	239.7490128	0.37460783	2	6	12	27033.45416	10650824.43	15	Vacant, contact Ose Akinlotan (Planning Manager)	a9ac885b-095f-4467-a3e3-0938fc05904b	SDE	2020-08-14T12:57:28	SDE	2020-08-14T13:00:40		10443469.39	27084.79288
11367	15	246	42	003	310200	4	4.20033E+11	Block Group 4	G5030	S	1047140	0	40.3745282	-079.9191876	15834.11528	73	27425090	87456.39013	95	2177	Lincoln Place	46	628.1808053	0.98153251	4	113	8	27507.90025	27425088.8	15	Austin Herzog	8edc0195-2966-4556-a5fd-706c320c0280	SDE	2020-08-14T12:57:28	SDE	2020-08-14T13:00:28		27363669.55	27517.08658
11368	16	0	 	 	 	 	 	 	 	 	0	0	 	 	0	1292		80995.80627	0	0	Perry North	61	774.3443082	1.20991298	0	0	2	0	0	15	Nazia Tarannum	529dca14-f7c2-4e38-8e1e-dee1b31426c2	SDE	2020-08-14T12:57:28	SDE	2020-08-14T12:57:28		33730438.71	30985.38744
11369	17	11	42	003	260900	1	4.20033E+11	Block Group 1	G5030	S	812036	0	40.4776383	-080.0025945	13757.33203	10	8739570	80995.80627	10	2092	Northview Heights	58	200.8301663	0.31379713	1	113	1	13813.63754	8739570.228	15	Nazia Tarannum	afe5a435-c059-49b4-9736-5a284501ab5d	SDE	2020-08-14T12:57:28	SDE	2020-08-14T13:00:53		8748159.834	13861.14223
11370	18	292	42	003	130200	2	4.20031E+11	Block Group 2	G5030	S	186305	0	40.4594767	-079.8955903	5810.236224	76	12103512	136797.9793	33	2115	Homewood North	41	276.8346875	0.4325542	2	57	11	16962.01164	12103511.79	15	Adriana Bowman	ae461c62-e950-43e0-b2a1-7cef98be5aee	SDE	2020-08-14T12:57:28	SDE	2020-08-14T13:00:13		12058814.62	16959.30557
11371	19	202	42	003	561600	1	4.20036E+11	Block Group 1	G5030	S	294192	0	40.4168800	-079.9615214	10586.53075	65	3667921.5	198927.4161	83	2165	Arlington Heights	5	81.42957212	0.12723371	4	113	7	10585.53817	3667921.41	15	Thomas Scharff	12942113-8e97-4056-a9aa-2153476c947d	SDE	2020-08-14T12:57:28	SDE	2020-08-14T12:58:35		3547057.21	10500.14832
11372	20	72	42	003	060300	1	4.20031E+11	Block Group 1	G5030	S	391220	0	40.4621267	-079.9609234	10355.07428	32	11984375	136797.9793	20	2102	Lower Lawrenceville	48	275.1642487	0.42994414	2	19	13	15396.96497	11984374.88	15	Alex Peppers	767995c6-6930-40f5-9013-709a90b5238d	SDE	2020-08-14T12:57:28	SDE	2020-08-14T13:00:30		11986161.58	15430.92057
11373	21	114	42	003	120400	1	4.20031E+11	Block Group 1	G5030	S	176103	0	40.4633748	-079.9087841	5462.8531	45	12407882	136797.9793	23	2105	Larimer	45	284.9177058	0.44518392	2	21	12	15726.18582	12407881.3	15	Vacant, contact Ose Akinlotan (Planning Manager)	6d679b4d-248d-4c31-b0db-7bc6178a2902	SDE	2020-08-14T12:57:28	SDE	2020-08-14T13:00:23		12411015.31	15722.29152
11374	22	35	42	003	980000	1	4.2004E+11	Block Group 1	G5030	S	637235	237268	40.4875790	-079.8907469	13581.87509	21	7809355.5	136797.9793	5	2087	Lincoln-Lemington-Belmar	47	1163.584745	1.81810116	2	24	11	13582.97215	7809355.834	15	Adriana Bowman	c63ba635-c98b-4972-b27a-7202f727a438	SDE	2020-08-14T12:57:28	SDE	2020-08-14T13:00:25		50685775.41	41773.23163
11375	23	25	42	003	010300	2	4.2003E+11	Block Group 2	G5030	S	267511	0	40.4369004	-079.9903987	6834.806625	18	9127700	136797.9793	67	2149	Bluff	11	208.16719	0.32526123	3	57	15	15723.17458	9127699.902	15	Ose Akinlotan	4be74de1-0d1d-4eb4-bd28-1a3ed6082592	SDE	2020-08-14T12:57:28	SDE	2020-08-14T12:58:51		9067760.651	15575.48438
11376	24	340	42	003	563000	1	4.20036E+11	Block Group 1	G5030	S	2520263	0	40.4507815	-080.0847808	26392.72565	86	27002274	198927.4161	37	2119	Fairywood	32	620.5381397	0.96959084	5	21	4	26410.73832	27002274.27	15	Nancy Hirsch	8ea999f0-868e-44ff-bd8f-1ccc3ee8b099	SDE	2020-08-14T12:57:28	SDE	2020-08-14T12:59:48		27030641.03	26643.53405
11377	25	102	42	003	191700	1	4.20032E+11	Block Group 1	G5030	S	1471688	0	40.4043578	-080.0109294	24549.43017	43	58044672	198927.4161	89	2171	Brookline	14	1336.915048	2.08892976	4	81	5	37257.9302	58044672.6	15	Nancy Hirsch	6a1e43de-4528-43e2-bb4e-87e430db5f05	SDE	2020-08-14T12:57:28	SDE	2020-08-14T12:58:58		58236020.68	37705.428
11378	26	221	42	003	562900	2	4.20036E+11	Block Group 2	G5030	S	4488597	20843	40.3937604	-079.9499181	56370.85291	70	48800708	87456.39013	91	2173	Hays	38	1116.862606	1.74509782	4	24	8	56384.66908	48800707.25	15	Austin Herzog	b8f533f0-db52-404f-afea-e280bddfbd96	SDE	2020-08-14T12:57:28	SDE	2020-08-14T13:00:04		48650423.72	55129.93006
11379	27	14	42	003	562400	5	4.20036E+11	Block Group 5	G5030	S	138709	0	40.4197360	-079.9991617	6015.556207	13	11723429	198927.4161	81	2163	Beltzhoover	9	265.8558307	0.41539974	4	113	6	13432.41222	11723428.24	15	Thomas Scharff	aaae03dc-1966-4b81-b9dd-55305b44ac94	SDE	2020-08-14T12:57:28	SDE	2020-08-14T12:58:45		11580680.67	13436.24412
11380	28	48	42	003	151700	4	4.20032E+11	Block Group 4	G5030	S	157178	0	40.4216327	-079.9353993	5794.40172	25	21551120	136797.9793	75	2157	Greenfield	37	495.6387653	0.77443557	3	21	9	22518.27042	21551119.98	15	Austin Herzog	7e0b96af-f08c-4e73-b6e3-938113d9303d	SDE	2020-08-14T12:57:28	SDE	2020-08-14T13:00:02		21590023.09	22991.43479
11381	29	325	42	003	562800	1	4.20036E+11	Block Group 1	G5030	S	1122222	0	40.4202222	-080.0745718	18432.54281	81	12049543	198927.4161	78	2160	East Carnegie	27	277.4112371	0.43345506	5	94	4	18475.56306	12049542.73	15	Nancy Hirsch	4158f5a0-e271-4577-a9a4-c96e7da3b7d0	SDE	2020-08-14T12:57:28	SDE	2020-08-14T12:59:32		12084033.42	18528.17429
11382	30	119	42	003	563200	1	4.20036E+11	Block Group 1	G5030	S	316619	138447	40.4496580	-079.9981098	9418.516409	46	8455805	80995.80627	51	2133	North Shore	57	190.0947543	0.29702305	1	18	16	17994.08755	8455804.954	15	Nazia Tarannum	e729facf-e014-477d-8fec-b4ec4db47b00	SDE	2020-08-14T12:57:28	SDE	2020-08-14T13:00:52		8280524.021	18001.58051
11383	31	19	42	003	180300	3	4.20032E+11	Block Group 3	G5030	S	140530	0	40.4191918	-079.9927314	6293.791906	16	8221419.5	198927.4161	76	2158	Allentown	3	190.0788913	0.29699827	4	23	6	16208.5648	8221419.735	15	Thomas Scharff	39edd83e-9196-42e0-af7a-33e64c2ac28e	SDE	2020-08-14T12:57:28	SDE	2020-08-14T12:58:22		8279836.841	15803.19332
11384	32	120	42	003	562400	1	4.20036E+11	Block Group 1	G5030	S	818084	0	40.4077250	-080.0012233	15887.0065	47	8738354	198927.4161	86	2168	Bon Air	12	201.4914797	0.31483044	4	57	6	15889.56714	8738354.369	15	Thomas Scharff	d4d1eaaf-472c-4f97-8cc6-37be23017035	SDE	2020-08-14T12:57:28	SDE	2020-08-14T12:58:53		8776968.861	15655.92032
11385	33	152	42	003	562700	1	4.20036E+11	Block Group 1	G5030	S	374415	0	40.4507843	-080.0144032	8746.405189	56	3938870.2	80995.80627	49	2131	Allegheny West	2	92.66835251	0.1447943	1	21	3	8658.042051	3938870.377	15	Nazia Tarannum	bf2fe94e-5682-4aac-bded-a8dc3a2b1f88	SDE	2020-08-14T12:57:28	SDE	2020-08-14T12:58:18		4036633.325	8748.107516
11386	34	184	42	003	281400	1	4.20033E+11	Block Group 1	G5030	S	348105	0	40.4496310	-080.0569283	8486.848119	62	21011160	198927.4161	52	2134	Crafton Heights	23	480.8426731	0.75131668	5	23	4	21289.38381	21011159.54	15	Nancy Hirsch	47874d9d-dda9-4b01-bb76-339dd49f6e3a	SDE	2020-08-14T12:57:28	SDE	2020-08-14T12:59:20		20945507.02	21207.39832
11387	35	89	42	003	210700	2	4.20032E+11	Block Group 2	G5030	S	359658	0	40.4578695	-080.0264589	9100.227534	40	7785965.5	80995.80627	34	2116	Manchester	49	178.5910782	0.27904856	1	23	3	12528.44199	7785965.497	15	Stephanie Joy Everett	5dedc9e9-339f-44cf-8d65-b78b300074c9	SDE	2020-08-14T12:57:28	SDE	2020-08-14T13:00:32		7779427.348	12521.77075
11388	36	240	42	003	980900	1	4.2004E+11	Block Group 1	G5030	S	1453388	854869	40.4659231	-080.0458881	13293.01044	72	6426350.5	80995.80627	19	2101	Marshall-Shadeland	50	802.6064723	1.25407261	1	0	2	13293.01044	6426350.594	15	Nazia Tarannum	8ce6e024-1876-4e90-8b25-6c4130cce88e	SDE	2020-08-14T12:57:28	SDE	2020-08-14T13:00:36		34961537.62	50376.70939
11389	37	84	42	003	110200	1	4.20031E+11	Block Group 1	G5030	S	144791	0	40.4780209	-079.9195862	5475.128062	38	32419862	136797.9793	9	2091	Highland Park	40	748.7104565	1.16986009	2	94	12	23264.5617	32419862.53	15	Vacant, contact Ose Akinlotan (Planning Manager)	ffee42fd-382f-4ff0-81b3-63ab8cb0a201	SDE	2020-08-14T12:57:28	SDE	2020-08-14T13:00:11		32613824.36	23372.90813
11390	38	326	42	003	310300	1	4.20033E+11	Block Group 1	G5030	S	2048522	0	40.3879201	-079.9225537	22945.93729	82	22145166	87456.39013	93	2175	New Homestead	55	505.5819119	0.78997174	4	94	8	22933.32392	22145165.32	15	Austin Herzog	120c1315-5813-42fa-9303-b7c094d0c6ee	SDE	2020-08-14T12:57:28	SDE	2020-08-14T13:00:46		22023102.4	22675.1822
11391	39	58	42	003	250300	1	4.20033E+11	Block Group 1	G5030	S	243738	0	40.4584905	-080.0120067	7703.44619	27	7218352	80995.80627	38	2120	Central Northside	19	166.1939824	0.2596781	1	6	3	14371.73639	7218351.661	15	Nazia Tarannum	cae5ecf1-765c-4428-ad17-a0399487743e	SDE	2020-08-14T12:57:28	SDE	2020-08-14T12:59:11		7239409.857	14437.34562
11392	40	197	42	003	060500	2	4.20031E+11	Block Group 2	G5030	S	255123	0	40.4586040	-079.9613007	9025.775014	63	7097053	136797.9793	40	2122	Polish Hill	65	163.9451111	0.25616424	2	6	13	14866.16233	7097053.089	15	Alex Peppers	9bbb630b-9bc3-470a-b549-083dab564c97	SDE	2020-08-14T12:57:28	SDE	2020-08-14T13:02:18		7141448.697	14644.65857
11393	41	251	42	003	320400	3	4.20033E+11	Block Group 3	G5030	S	196086	0	40.3911959	-079.9952543	10313.21235	74	23393388	198927.4161	94	2176	Overbrook	60	535.3582349	0.83649724	4	24	5	31957.50323	23393386.86	15	Thomas Scharff	2be016ee-cc48-420d-8ce6-5bfbe1bebe95	SDE	2020-08-14T12:57:28	SDE	2020-08-14T13:01:26		23320203.93	32278.61936
11394	42	140	42	003	080700	2	4.20031E+11	Block Group 2	G5030	S	143135	0	40.4592964	-079.9351049	5199.261124	50	2961361.7	136797.9793	31	2113	Friendship	34	67.96250434	0.10619141	2	57	12	7707.149974	2961361.714	15	Vacant, contact Ose Akinlotan (Planning Manager)	e426509e-429b-4ef5-a543-558bd0a6d588	SDE	2020-08-14T12:57:28	SDE	2020-08-14T12:59:53		2960446.671	7707.084438
11395	43	308	42	003	120700	2	4.20031E+11	Block Group 2	G5030	S	200053	0	40.4569713	-079.9050701	6871.688075	78	5542252.5	136797.9793	36	2118	Homewood West	43	124.9300884	0.19520326	2	81	11	10087.87731	5542252.622	15	Adriana Bowman	2c773a5a-f003-44b9-b7c6-26b63bea6663	SDE	2020-08-14T12:57:28	SDE	2020-08-14T13:00:17		5441943.775	9900.798395
11396	44	6	42	003	020100	4	4.2003E+11	Block Group 4	G5030	S	281715	0	40.4406777	-079.9892121	7297.919732	6	17846686	136797.9793	58	2140	Central Business District	17	413.2044653	0.64563198	1	24	16	23034.9547	17846685.49	15	Alex Peppers	31b560f2-ca21-41de-ac55-0fe3fc8048e5	SDE	2020-08-14T12:57:28	SDE	2020-08-14T12:59:06		15022234.19	17837.72382
11397	45	64	42	003	563200	3	4.20036E+11	Block Group 3	G5030	S	315029	0	40.4572599	-079.9976543	11102.62869	30	6577919.5	80995.80627	39	2121	East Allegheny	26	150.345954	0.23491555	1	57	3	14425.91062	6577919.63	15	Nazia Tarannum	e15457c5-efd5-46be-9723-a8571e32e6c6	SDE	2020-08-14T12:57:28	SDE	2020-08-14T12:59:30		6549069.726	14652.64051
11398	46	178	42	003	562700	2	4.20036E+11	Block Group 2	G5030	S	535964	5234	40.4515765	-080.0053403	10563.7917	60	5840713	80995.80627	46	2128	Allegheny Center	1	133.719566	0.20893682	1	19	3	10570.41483	5840713.265	15	Nazia Tarannum	beebd26a-d3ff-4214-987c-5d530e8dec63	SDE	2020-08-14T12:57:28	SDE	2020-08-14T12:58:12		5824823.988	10551.86849
11399	47	0	42	003	040500	1	4.2003E+11	Block Group 1	G5030	S	268195	0	40.4406805	-079.9542332	7988.379391	1	7843108	136797.9793	63	2145	Central Oakland	20	179.2297756	0.28004652	3	113	14	11526.86322	7843108.222	15	Christian Umbach	65e4f81f-d61f-4219-ad62-b4167006f5d6	SDE	2020-08-14T12:57:28	SDE	2020-08-14T12:59:13		7807258.344	11495.26031
11400	48	181	42	003	270800	3	4.20033E+11	Block Group 3	G5030	S	633737	0	40.4865869	-080.0297229	13818.09763	61	31143860	80995.80627	4	2086	Brighton Heights	13	714.8943054	1.11702235	1	23	2	26060.68413	31143860.75	15	Nazia Tarannum	25b846aa-3931-493d-a3cb-f8bf638cd3fc	SDE	2020-08-14T12:57:28	SDE	2020-08-14T12:58:57		31140783.51	26066.48349
11401	49	20	42	003	170600	1	4.20032E+11	Block Group 1	G5030	S	326725	0	40.4249025	-079.9876098	14495.7931	17	19973024	198927.4161	74	2156	South Side Slopes	73	462.7584815	0.72306013	4	6	7	26532.69971	19973023.11	15	Thomas Scharff	74096afd-885d-464c-abee-49aef0c9f890	SDE	2020-08-14T12:57:28	SDE	2020-08-14T13:02:35		20157759.21	26367.48509
11402	50	143	42	003	561600	2	4.20036E+11	Block Group 2	G5030	S	863468	0	40.4138332	-079.9632700	22763.20386	51	13108599	198927.4161	82	2164	Arlington	4	307.1843106	0.47997549	4	57	7	27698.1212	13108599.13	15	Thomas Scharff	183f541a-9d7d-4455-a5b0-19e128eadda6	SDE	2020-08-14T12:57:28	SDE	2020-08-14T12:58:32		13379981.7	28088.22981
11403	51	265	42	003	563000	4	4.20036E+11	Block Group 4	G5030	S	342793	0	40.4578183	-080.0705756	9978.225923	87	3683600.5	198927.4161	30	2112	Chartiers City	21	85.76980109	0.13401531	5	21	4	9983.549788	3683600.394	15	Nancy Hirsch	95c77a59-4b19-4108-915d-a16263a45526	SDE	2020-08-14T12:57:28	SDE	2020-08-14T12:59:16		3736133.876	9958.046688
11404	52	74	42	003	290400	3	4.20033E+11	Block Group 3	G5030	S	275844	0	40.3844190	-079.9867635	11617.58797	34	46641072	198927.4161	92	2174	Carrick	16	1068.499135	1.6695299	4	19	5	40422.97432	46641073.97	15	Thomas Scharff	f3f50b28-b54f-478c-aafa-69820aeece79	SDE	2020-08-14T12:57:28	SDE	2020-08-14T12:59:04		46545518.14	39985.6961
11405	53	73	42	003	080200	2	4.20031E+11	Block Group 2	G5030	S	92307	0	40.4617308	-079.9522528	4036.163833	33	19572930	136797.9793	27	2109	Bloomfield	10	449.2355962	0.70193062	2	94	12	21206.18969	19572929.54	15	Vacant, contact Ose Akinlotan (Planning Manager)	dfd12465-ae1b-403c-a198-8d590aa69878	SDE	2020-08-14T12:57:28	SDE	2020-08-14T12:58:49		19568705.41	21224.74889
11406	54	122	42	003	202300	4	4.20032E+11	Block Group 4	G5030	S	835320	0	40.4127817	-080.0357088	11460.14913	48	27009770	198927.4161	80	2162	Banksville	6	625.6764318	0.97761942	5	19	5	25477.7457	27009770.52	15	Nancy Hirsch	1dd2e34c-2b3b-439f-91cb-ce687beb75f2	SDE	2020-08-14T12:57:28	SDE	2020-08-14T12:58:37		27254482.64	25275.85329
11407	55	45	42	003	180700	2	4.20032E+11	Block Group 2	G5030	S	128061	0	40.4247086	-080.0011285	5547.088804	24	31760998	198927.4161	65	2147	Mount Washington	54	724.8196962	1.13253078	5	25	6	33988.88227	31760998.04	15	Nancy Hirsch	ccdebedb-cee5-42e2-8b82-428f6bea161e	SDE	2020-08-14T12:57:28	SDE	2020-08-14T13:00:41		31573144.77	33206.9666
11408	56	37	42	003	130600	1	4.20031E+11	Block Group 1	G5030	S	365630	0	40.4521925	-079.8817225	8027.633926	22	15092615	136797.9793	42	2124	East Hills	28	345.9566702	0.5405573	2	6	11	22217.80451	15092615.35	15	Adriana Bowman	e65da461-ecdf-4724-b35e-6fdd183e45e4	SDE	2020-08-14T12:57:28	SDE	2020-08-14T12:59:34		15069851.8	22226.90371
11409	57	15	42	003	981000	1	4.2004E+11	Block Group 1	G5030	S	1377043	0	40.4730821	-079.9488759	20578.37562	14	26848464	136797.9793	13	2095	Central Lawrenceville	18	614.4718116	0.96011221	2	24	13	25420.64937	26848463.38	15	Alex Peppers	c0bd233e-77e5-4cdf-9531-8504464b42e1	SDE	2020-08-14T12:57:28	SDE	2020-08-14T12:59:09		26766367.76	25163.72178
11410	58	32	42	003	562600	1	4.20036E+11	Block Group 1	G5030	S	512433	0	40.4408830	-080.0357065	18778.99128	89	5579501	198927.4161	60	2142	West End	87	124.5221168	0.19456581	5	81	4	18776.65662	5579501.107	15	Nancy Hirsch	97d8216d-e6b4-4f45-91ca-a6f1e33a5214	SDE	2020-08-14T12:57:28	SDE	2020-08-14T13:03:09		5424176.132	18484.64862
11411	59	358	42	003	562500	1	4.20036E+11	Block Group 1	G5030	S	602805	225010	40.4627464	-080.0508428	25245.49	85	6409852.5	198927.4161	25	2107	Esplen	31	147.9152546	0.23111759	5	81	4	25268.23256	6409852.247	15	Nancy Hirsch	b5463ab9-a4b8-46d6-80ff-67976bea1766	SDE	2020-08-14T12:57:28	SDE	2020-08-14T12:59:46		6443186.918	25406.66338
11412	60	75	42	003	981100	1	4.2004E+11	Block Group 1	G5030	S	876833	0	40.4420424	-079.9063310	14525.90163	35	27997334	136797.9793	54	2136	Point Breeze	63	642.1710421	1.00339225	3	6	10	25607.96919	27997334.38	15	Adriana Bowman	da9e6bc6-0a88-450e-ae8d-c3a40f781a34	SDE	2020-08-14T12:57:28	SDE	2020-08-14T13:02:11		27972969.47	25515.57171
11413	61	34	42	003	562900	1	4.20036E+11	Block Group 1	G5030	S	1385581	586785	40.4096285	-079.9486102	29907.61127	20	44132028	136797.9793	77	2159	Hazelwood	39	1027.355327	1.6052427	3	25	9	42041.44998	44132028.37	15	Austin Herzog	c30655c8-cf46-4785-88c0-33dc03480284	SDE	2020-08-14T12:57:28	SDE	2020-08-14T13:00:06		44751604.27	42554.18847
11414	62	3	42	003	030500	2	4.2003E+11	Block Group 2	G5030	S	284548	0	40.4403871	-079.9813476	8670.428122	4	7202139	136797.9793	57	2139	Crawford-Roberts	24	160.8587672	0.25134182	3	19	15	15696.75923	7202138.923	15	Ose Akinlotan	80e5d73b-e483-4d07-8535-f93c5377dd6b	SDE	2020-08-14T12:57:28	SDE	2020-08-14T12:59:24		9984001.845	14774.79989
11415	63	38	42	003	040900	3	4.2003E+11	Block Group 3	G5030	S	253498	0	40.4308074	-079.9518013	7343.082266	23	14169730	136797.9793	68	2150	South Oakland	70	309.7333703	0.48395839	3	19	14	19242.50311	14169729.78	15	Christian Umbach	7c98eb3c-13a8-4331-a0ce-fcbdbc947cfb	SDE	2020-08-14T12:57:28	SDE	2020-08-14T13:02:28		13491984.5	18825.00137
11416	64	338	42	003	050600	3	4.20031E+11	Block Group 3	G5030	S	287852	0	40.4507230	-079.9591365	9240.995102	83	8722606	136797.9793	44	2126	Upper Hill	85	200.4408818	0.31318888	3	19	15	11867.51238	8722605.959	15	Ose Akinlotan	1f8d0b41-1f34-4e14-b538-0b52165ba0d0	SDE	2020-08-14T12:57:28	SDE	2020-08-14T13:03:03		8731493.871	11840.38152
11417	65	298	42	003	563100	3	4.20036E+11	Block Group 3	G5030	S	928505	0	40.4270691	-080.0344802	16308.77975	88	10278895	198927.4161	70	2152	Ridgemont	67	228.895165	0.3576487	5	24	4	16268.13089	10278895.23	15	Nancy Hirsch	133807e7-25f7-439a-a375-a405f2f4f6d2	SDE	2020-08-14T12:57:28	SDE	2020-08-14T13:02:22		9970645.984	16144.66781
11418	66	61	42	003	240600	2	4.20032E+11	Block Group 2	G5030	S	495750	0	40.4611811	-079.9859947	14534.3786	29	10717292	80995.80627	21	2103	Troy Hill	84	294.985078	0.46091418	1	94	1	20630.79316	10717291.9	15	Nazia Tarannum	cef157ae-8465-4d17-a92d-6b967104215d	SDE	2020-08-14T12:57:28	SDE	2020-08-14T13:03:02		12849587.35	29487.68015
11419	67	151	42	003	980700	1	4.2004E+11	Block Group 1	G5030	S	563109	416134	40.4366295	-080.0102703	21342.88101	55	5905659.5	198927.4161	59	2141	South Shore	71	147.67588	0.23074356	5	19	16	21338.58047	5905659.67	15	Nancy Hirsch	d5f7d36e-e24e-4a25-8235-4c8e98ad4440	SDE	2020-08-14T12:57:28	SDE	2020-08-14T13:02:31		6432793.364	21736.8734
11420	68	147	42	003	561700	2	4.20036E+11	Block Group 2	G5030	S	268306	0	40.4108740	-079.9793742	7452.430225	53	2871538.2	198927.4161	87	2169	Mt. Oliver	53	66.11041005	0.10329752	4	18	7	7443.40029	2871538.432	15	Thomas Scharff	012c4b53-1895-4d57-a7d7-a6e89ff1d241	SDE	2020-08-14T12:57:28	SDE	2020-08-14T13:00:45		2879813.073	7449.006919
11421	69	57	42	003	250700	1	4.20033E+11	Block Group 1	G5030	S	560320	0	40.4599421	-080.0218657	11709.51881	90	6050988	80995.80627	29	2111	California-Kirkbride	15	138.8105677	0.21689151	1	25	3	11711.30125	6050987.839	15	Nazia Tarannum	2777139d-0808-4d42-9f1b-722586148225	SDE	2020-08-14T12:57:28	SDE	2020-08-14T12:59:01		6046588.335	11727.67024
11422	70	7	42	003	262000	1	4.20033E+11	Block Group 1	G5030	S	607576	0	40.4632158	-079.9941680	12055.42615	7	17550592	80995.80627	16	2098	Spring Hill-City View	75	407.1784424	0.63621632	1	23	1	18197.81989	17550591.77	15	Nazia Tarannum	5550547f-575f-40b0-b045-d8d3fd628bca	SDE	2020-08-14T12:57:28	SDE	2020-08-14T13:02:40		17736692.64	19162.34638
11423	71	149	42	003	202200	3	4.20032E+11	Block Group 3	G5030	S	174657	0	40.4580322	-080.0647449	7204.28883	54	24807354	198927.4161	32	2114	Sheraden	69	568.0851241	0.88763301	5	19	4	24066.42043	24807353.4	15	Nancy Hirsch	4d9a985e-bab6-4a81-8814-c5a1eb749f19	SDE	2020-08-14T12:57:28	SDE	2020-08-14T13:02:26		24745789.08	23926.44998
11424	72	71	42	003	101800	2	4.20031E+11	Block Group 2	G5030	S	797007	0	40.4847864	-079.9385823	22835.10864	31	20492582	136797.9793	8	2090	Stanton Heights	79	472.4408913	0.73818889	2	19	13	24387.81861	20492582.63	15	Vacant, contact Ose Akinlotan (Planning Manager)	5f8e6a28-d7ca-40a7-b56e-f419cbedf034	SDE	2020-08-14T12:57:28	SDE	2020-08-14T13:02:46		20579525.17	24884.74111
11425	73	97	42	003	191600	3	4.20032E+11	Block Group 3	G5030	S	170636	0	40.4126628	-080.0211465	8417.875608	42	40706528	198927.4161	73	2155	Beechview	8	933.8888667	1.45920135	5	23	5	32676.17001	40706529.25	15	Nancy Hirsch	5f560b22-ffcc-4d10-ac52-3b39c857ec89	SDE	2020-08-14T12:57:28	SDE	2020-08-14T12:58:43		40681276.91	32930.93664
11426	74	146	42	003	561700	1	4.20036E+11	Block Group 1	G5030	S	807397	0	40.4088032	-079.9721874	12303.6007	52	8640989	198927.4161	88	2170	St. Clair	78	199.0757989	0.31105594	4	23	7	12308.21854	8640989.257	15	Thomas Scharff	ac5b7e7f-873c-43a5-8824-30d206a31aca	SDE	2020-08-14T12:57:28	SDE	2020-08-14T13:02:48		8672769.434	12690.17104
11427	75	201	42	003	980600	1	4.2004E+11	Block Group 1	G5030	S	982752	473795	40.4518148	-080.0280506	19600.68312	64	10688264	80995.80627	35	2117	Chateau	22	244.8078785	0.38251231	1	113	3	19607.97613	10688263.84	15	Stephanie Joy Everett	b685a912-54de-4e6c-8b17-9128949d51bc	SDE	2020-08-14T12:57:28	SDE	2020-08-14T12:59:18		10663840.39	19827.92933
11428	76	167	42	003	070900	2	4.20031E+11	Block Group 2	G5030	S	136793	0	40.4510923	-079.9473004	5126.461434	58	25673624	136797.9793	43	2125	Shadyside	68	588.9030181	0.92016097	2	23	12	25073.4623	25673625.06	15	Christian Umbach	08cfd3ac-e8f8-4d3d-86fc-534367f67428	SDE	2020-08-14T12:57:28	SDE	2020-08-14T13:02:24		25652611.23	25073.86705
11429	77	10	42	003	261200	1	4.20033E+11	Block Group 1	G5030	S	1057787	0	40.4922173	-080.0081121	20906.8295	9	12232021	80995.80627	2	2084	Summer Hill	81	282.8123876	0.44189436	1	57	1	20910.93441	12232020.3	15	Nazia Tarannum	4befade5-a016-4fa2-be19-5c89a8d15d0b	SDE	2020-08-14T12:57:28	SDE	2020-08-14T13:02:54		12319313.69	20789.2651
11430	78	2	42	003	040200	2	4.2003E+11	Block Group 2	G5030	S	282679	0	40.4412437	-079.9626107	8260.915502	3	5999801.5	136797.9793	62	2144	West Oakland	88	149.4591782	0.23352997	3	21	14	18271.42639	5999801.026	15	Christian Umbach	94b8a7c9-e11f-451b-8497-2599b201472e	SDE	2020-08-14T12:57:28	SDE	2020-08-14T13:03:11		6510111.131	16507.28665
11431	79	123	42	003	563000	2	4.20036E+11	Block Group 2	G5030	S	574770	0	40.4597668	-080.0778300	10840.37313	49	11563175	198927.4161	26	2108	Windgap	90	266.8379875	0.41693436	5	6	4	20989.23867	11563174.92	15	Nancy Hirsch	f609f531-3c00-4791-827e-417ca99b4f94	SDE	2020-08-14T12:57:28	SDE	2020-08-14T13:03:15		11623461.72	20754.42051
11432	80	59	42	003	241200	2	4.20032E+11	Block Group 2	G5030	S	172183	0	40.4600565	-079.9915198	7283.454921	28	7653279.5	80995.80627	15	2097	Spring Garden	74	170.9459317	0.26710302	1	18	1	21452.69188	7653278.967	15	Nazia Tarannum	5fc29202-a6fa-4de4-bb84-3ab76948246a	SDE	2020-08-14T12:57:28	SDE	2020-08-14T13:02:38		7446261.326	21756.49653
11433	81	54	42	003	141400	3	4.20031E+11	Block Group 3	G5030	S	294702	0	40.4266034	-079.9185733	8635.64213	26	74470128	136797.9793	64	2146	Squirrel Hill South	77	1713.027416	2.67660534	3	23	10	50122.6511	74470126.27	15	Christian Umbach	03acfeaa-1190-41a6-861a-fa8a3608303f	SDE	2020-08-14T12:57:28	SDE	2020-08-14T13:02:45		74619490.97	48482.0195
11434	82	5	42	003	020300	1	4.2003E+11	Block Group 1	G5030	S	1593129	329216	40.4544996	-079.9812762	24019.53286	5	16947852	136797.9793	28	2110	Strip District	80	389.2406787	0.60818856	1	23	13	23903.07785	16947852.97	15	Alex Peppers	5e353b5c-a9d4-4b0a-a1aa-31d3bf847639	SDE	2020-08-14T12:57:28	SDE	2020-08-14T13:02:50		16956747.19	23770.20297
11435	83	83	42	003	141100	1	4.20031E+11	Block Group 1	G5030	S	1226338	163168	40.4196414	-079.9075532	20791.54447	37	13379806	136797.9793	79	2161	Swisshelm Park	82	303.0973602	0.47358963	3	57	10	20826.31923	13379806.34	15	Austin Herzog	bf45c180-f5c3-4f36-832a-183412108101	SDE	2020-08-14T12:57:28	SDE	2020-08-14T13:02:56		13202917.15	20412.19771
11436	84	8	42	003	261500	1	4.20033E+11	Block Group 1	G5030	S	350522	0	40.4733966	-080.0097343	8208.50481	8	25220622	80995.80627	14	2096	Perry South	62	580.0615386	0.90634615	1	21	2	26399.69853	25220621.17	15	Nazia Tarannum	7a61f76c-ac3a-4c10-95e1-96a19d799108	SDE	2020-08-14T12:57:28	SDE	2020-08-14T13:02:04		25267480.67	26370.39341
11437	85	93	42	003	101100	3	4.20031E+11	Block Group 3	G5030	S	249635	0	40.4818107	-079.9477736	10342.01776	41	11288746	136797.9793	7	2089	Upper Lawrenceville	86	258.4912992	0.40389265	2	57	13	19192.7839	11288745.63	15	Alex Peppers	157cd4d5-485c-4a3d-808f-df4b489f95dc	SDE	2020-08-14T12:57:28	SDE	2020-08-14T13:03:05		11259878.46	19362.30715
11438	86	215	42	003	141000	1	4.20031E+11	Block Group 1	G5030	S	507903	0	40.4328896	-079.8976172	16004.73435	69	5362860	136797.9793	69	2151	Regent Square	66	125.5800296	0.1962188	3	19	10	15999.77786	5362859.972	15	Austin Herzog	93ce438e-e3ec-410d-a7fd-619646e25dc3	SDE	2020-08-14T12:57:28	SDE	2020-08-14T13:02:20		5470265.876	15761.6798
11439	87	211	42	003	051100	1	4.20031E+11	Block Group 1	G5030	S	183645	0	40.4416579	-079.9764621	6208.941405	67	9529806	136797.9793	56	2138	Terrace Village	83	207.7719559	0.32464368	3	94	15	19562.57807	9529806.364	15	Ose Akinlotan	2858633a-175e-459b-a4c9-9aac92bfe033	SDE	2020-08-14T12:57:28	SDE	2020-08-14T13:02:58		9050535.755	17830.50779
11440	88	153	42	003	562600	2	4.20036E+11	Block Group 2	G5030	S	579141	0	40.4400199	-080.0409711	11480.14	57	16904768	198927.4161	50	2132	Elliott	30	387.7698457	0.60589038	5	25	4	21609.79934	16904767.62	15	Nancy Hirsch	fbc3ab11-0429-476e-80fd-700f969b204a	SDE	2020-08-14T12:57:28	SDE	2020-08-14T12:59:44		16891265.38	21714.64828
11441	89	16	42	003	170200	1	4.20032E+11	Block Group 1	G5030	S	406640	81747	40.4302576	-079.9922422	12037.89946	15	26083320	198927.4161	72	2154	South Side Flats	72	591.5626882	0.9243167	4	81	7	34676.3551	26083318.97	15	Thomas Scharff	39308990-70d5-4da6-b2a0-a5510f18e9b9	SDE	2020-08-14T12:57:28	SDE	2020-08-14T13:02:33		25768409.83	34700.37197
11442	90	31	42	003	250900	2	4.20033E+11	Block Group 2	G5030	S	384629	0	40.4641570	-080.0039415	13652.21471	19	6958774	80995.80627	24	2106	Fineview	33	159.0331737	0.24848933	1	81	3	12677.5559	6958774.071	15	Nazia Tarannum	c4f5d2e1-bcd6-4207-bdea-1c369a80ba1d	SDE	2020-08-14T12:57:28	SDE	2020-08-14T12:59:50		6927485.051	12621.96486
